,Country,Subject Descriptor,Units,Scale,Country/Series-specific Notes,2016
8358,Vanuatu,Current account balance,U.S. dollars,Billions,"Source: Central Bank Latest actual data: 2021 BOP Manual used: Balance of Payments and International Investment Position Manual, sixth edition (BPM6) Primary domestic currency: Vanuatu vatu Data last updated: 08/2023",-0.019
6510,S?o Tom? and Pr?ncipe,Current account balance,U.S. dollars,Billions,"Source: Central Bank Latest actual data: 2020 BOP Manual used: Balance of Payments and International Investment Position Manual, sixth edition (BPM6) Primary domestic currency: S?o Tom? and Pr?ncipe dobra Data last updated: 08/2023",-0.021
2110,Djibouti,Current account balance,U.S. dollars,Billions,"Source: Central Bank Latest actual data: 2021 Notes: Trade in goods includes the reexport trade. The general trade system has been recently adopted to compile trade in goods statistics. This change together with new data sourced from the ports and free trade zones becoming available to the statistical agency led to significant revisions in past current account balances. Data prior to 2013 is staff's estimates and calculations based on previous official estimates and data using a different compilation methodology. BOP Manual used: Balance of Payments Manual, fifth edition (BPM5) Primary domestic currency: Djibouti franc Data last updated: 09/2023",-0.026
7786,Tonga,Current account balance,U.S. dollars,Billions,"Source: Central Bank. National Reserve Bank of Tonga and Statistic Department of Tonga Latest actual data: FY2020/21 Notes: Prior to 1999, the data are in fiscal year (FY) reporting basis converted to calendar year by averaging two FYs (e.g. 1990 is the average of 1989/90 and 1990/91), and are further adjusted to produce a smooth series with the use of a splicing technique. These estimates continue to serve as proxies for historical series when complete information is unavailable. BOP Manual used: Balance of Payments and International Investment Position Manual, sixth edition (BPM6) Primary domestic currency: Tongan pa'anga Data last updated: 08/2023",-0.027
262,Antigua and Barbuda,Current account balance,U.S. dollars,Billions,"Source: Central Bank Latest actual data: 2022 Notes: On account of a methodological change to the compilation of balance of payments statistics, data for BOP series before 2014 have been removed. BOP Manual used: Balance of Payments and International Investment Position Manual, sixth edition (BPM6). Starting from the year 2014, the authorities revised their Balance of Payments methodology and reported their data in BPM6. Data for prior years are converted to the BPM6 presentation from the BPM5 data by IMF staff. It is expected that statistics under BPM6 methodology prior to 2014 could be available by end-2022. Primary domestic currency: Eastern Caribbean dollar Data last updated: 08/2023",-0.035
6422,Samoa,Current account balance,U.S. dollars,Billions,"Source: Central Bank Latest actual data: FY2021/22 Notes: Data prior to 2000 cannot be confirmed by national sources at this time. BOP Manual used: Balance of Payments and International Investment Position Manual, sixth edition (BPM6) Primary domestic currency: Samoan tala Data last updated: 08/2023",-0.036
3738,Jamaica,Current account balance,U.S. dollars,Billions,"Source: Central Bank. The framework for Jamaica has a historical residual which comes from how the framework records portfolio flows (to include errors and omissions). We have updated how the forecasts are calculated to account for most of this residual. Latest actual data: 2022 BOP Manual used: Balance of Payments and International Investment Position Manual, sixth edition (BPM6) Primary domestic currency: Jamaican dollar Data last updated: 08/2023",-0.043
2154,Dominica,Current account balance,U.S. dollars,Billions,"Source: Central Bank. Estimates Latest actual data: 2021 BOP Manual used: Balance of Payments and International Investment Position Manual, sixth edition (BPM6). Starting ?with the year 2014 data are provided by the authorities in BPM6. Data for prior years are converted by the staff from BPM5. Primary domestic currency: Eastern Caribbean dollar Data last updated: 09/2023",-0.044
1714,Comoros,Current account balance,U.S. dollars,Billions,"Source: Central Bank and IMF Staff Latest actual data: 2021 BOP Manual used: Balance of Payments Manual, fifth edition (BPM5) Primary domestic currency: Comorian franc Data last updated: 08/2023",-0.044
6906,Solomon Islands,Current account balance,U.S. dollars,Billions,"Source: Central Bank Latest actual data: 2022 Notes: The IMF staff estimates the current account balance based on foreign exchange receipts and payments data published by the Central Bank of Solomon Islands. BOP Manual used: Balance of Payments and International Investment Position Manual, sixth edition (BPM6) Primary domestic currency: Solomon Islands dollar Data last updated: 08/2023",-0.049
5850,Palau,Current account balance,U.S. dollars,Billions,"Source: Ministry of Finance or Treasury Latest actual data: FY2020/21 BOP Manual used: Balance of Payments and International Investment Position Manual, sixth edition (BPM6) Primary domestic currency: US dollar Data last updated: 09/2023",-0.049
1318,Cabo Verde,Current account balance,U.S. dollars,Billions,"Source: National Statistics Office Latest actual data: 2021 BOP Manual used: Balance of Payments and International Investment Position Manual, sixth edition (BPM6) Primary domestic currency: Cabo Verdean escudo Data last updated: 09/2023",-0.064
4794,Malta,Current account balance,U.S. dollars,Billions,"Source: National Statistics Office Latest actual data: 2022 BOP Manual used: Balance of Payments and International Investment Position Manual, sixth edition (BPM6) Primary domestic currency: Euro Data last updated: 09/2023",-0.066
2990,Grenada,Current account balance,U.S. dollars,Billions,"Source: National Statistics Office. NSO in collaboration with Central Bank Latest actual data: 2022 Notes: On account of a methodological change to the compilation of balance of payments statistics, data for BOP series before 2014 have been removed. BOP Manual used: Balance of Payments and International Investment Position Manual, sixth edition (BPM6) Primary domestic currency: Eastern Caribbean dollar Data last updated: 09/2023",-0.094
1494,Central African Republic,Current account balance,U.S. dollars,Billions,"Source: Central Bank Latest actual data: 2021 BOP Manual used: Balance of Payments Manual, fifth edition (BPM5) Primary domestic currency: CFA franc Data last updated: 08/2023",-0.098
350,Armenia,Current account balance,U.S. dollars,Billions,"Source: Central Bank Latest actual data: 2022 Notes: Starting from 2004, BOP figures were revised to reflect non-bank private transfers in the current account. In 2003 and previous years, non-bank private transfers are reported in the financial account. BOP Manual used: Balance of Payments and International Investment Position Manual, sixth edition (BPM6) Primary domestic currency: Armenian dram Data last updated: 09/2023",-0.101
7258,St. Vincent and the Grenadines,Current account balance,U.S. dollars,Billions,"Source: Central Bank Latest actual data: 2022 Notes: On account of a methodological change to the compilation of balance of payments statistics, data for BOP series before 2014 have been removed. BOP Manual used: Balance of Payments and International Investment Position Manual, sixth edition (BPM6). Starting from the year 2014, the authorities revised their Balance of Payments methodology and reported their data in BPM6. Data for prior years in BPM6 are not available. Primary domestic currency: Eastern Caribbean dollar Data last updated: 09/2023",-0.105
7214,St. Lucia,Current account balance,U.S. dollars,Billions,"Source: Central Bank Latest actual data: 2022 Notes: On account of a methodological change to the compilation of balance of payments statistics, data for BOP series before 2014 have been removed. BOP Manual used: Balance of Payments and International Investment Position Manual, sixth edition (BPM6). Starting from the year 2014, the authorities revised their Balance of Payments methodology and reported their data in BPM6. Primary domestic currency: Eastern Caribbean dollar Data last updated: 09/2023",-0.122
7170,St. Kitts and Nevis,Current account balance,U.S. dollars,Billions,"Source: Central Bank Latest actual data: 2021 Notes: On account of a methodological change to the compilation of balance of payments statistics, data for BOP series before 2014 have been removed. BOP Manual used: Balance of Payments and International Investment Position Manual, sixth edition (BPM6) Primary domestic currency: Eastern Caribbean dollar Data last updated: 09/2023",-0.124
2770,The Gambia,Current account balance,U.S. dollars,Billions,"Source: Central Bank and IMF Staff Latest actual data: 2021 BOP Manual used: Balance of Payments and International Investment Position Manual, sixth edition (BPM6) Primary domestic currency: Gambian dalasi Data last updated: 08/2023",-0.136
7346,Suriname,Current account balance,U.S. dollars,Billions,"Source: Central Bank Latest actual data: 2021 BOP Manual used: Balance of Payments and International Investment Position Manual, sixth edition (BPM6) Primary domestic currency: Surinamese dollar Data last updated: 09/2023",-0.161
834,Belize,Current account balance,U.S. dollars,Billions,"Source: Central Bank Latest actual data: 2022 BOP Manual used: Balance of Payments and International Investment Position Manual, sixth edition (BPM6). SDR allocation in 2009 recorded as liability also. Primary domestic currency: Belize dollar Data last updated: 09/2023",-0.163
4310,Lesotho,Current account balance,U.S. dollars,Billions,"Source: Central Bank Latest actual data: FY2021/22 BOP Manual used: Balance of Payments and International Investment Position Manual, sixth edition (BPM6) Primary domestic currency: Lesotho loti Data last updated: 08/2023",-0.172
2594,Fiji,Current account balance,U.S. dollars,Billions,"Source: Central Bank. Reserve Bank of Fiji (RBF) Latest actual data: 2021 BOP Manual used: Balance of Payments and International Investment Position Manual, sixth edition (BPM6) Primary domestic currency: Fijian dollar Data last updated: 09/2023",-0.175
702,Barbados,Current account balance,U.S. dollars,Billions,"Source: Central Bank. Exports rise in 2011 due to merchandising being included in the BOP accounts that year. Latest actual data: 2022 BOP Manual used: Balance of Payments and International Investment Position Manual, sixth edition (BPM6) Primary domestic currency: Barbados dollar Data last updated: 09/2023",-0.206
3210,Haiti,Current account balance,U.S. dollars,Billions,"Source: Central Bank Latest actual data: FY2020/21 BOP Manual used: Balance of Payments Manual, fifth edition (BPM5) Primary domestic currency: Haitian gourde Data last updated: 09/2023",-0.238
5674,North Macedonia,Current account balance,U.S. dollars,Billions,"Source: Central Bank Latest actual data: 2022 BOP Manual used: Balance of Payments and International Investment Position Manual, sixth edition (BPM6) Primary domestic currency: Macedonian denar Data last updated: 09/2023",-0.279
5058,Moldova,Current account balance,U.S. dollars,Billions,"Source: Central Bank Latest actual data: 2022 BOP Manual used: Balance of Payments and International Investment Position Manual, sixth edition (BPM6) Primary domestic currency: Moldovan leu Data last updated: 08/2023",-0.288
7566,Tajikistan,Current account balance,U.S. dollars,Billions,"Source: Central Bank Latest actual data: 2022 BOP Manual used: Balance of Payments and International Investment Position Manual, sixth edition (BPM6) Primary domestic currency: Tajik somoni Data last updated: 08/2023",-0.291
6730,Sierra Leone,Current account balance,U.S. dollars,Billions,"Source: Central Bank Latest actual data: 2021 BOP Manual used: Balance of Payments and International Investment Position Manual, sixth edition (BPM6) Primary domestic currency: Sierra Leonean leone Data last updated: 08/2023",-0.294
6686,Seychelles,Current account balance,U.S. dollars,Billions,"Source: Central Bank Latest actual data: 2021 BOP Manual used: Balance of Payments and International Investment Position Manual, sixth edition (BPM6) Primary domestic currency: Seychelles rupee Data last updated: 09/2023",-0.294
1274,Burundi,Current account balance,U.S. dollars,Billions,"Source: Central Bank. Some data are staff estimates Latest actual data: 2022 BOP Manual used: Balance of Payments and International Investment Position Manual, sixth edition (BPM6) Primary domestic currency: Burundi franc Data last updated: 09/2023",-0.327
878,Benin,Current account balance,U.S. dollars,Billions,"Source: Central Bank Latest actual data: 2021 BOP Manual used: Balance of Payments and International Investment Position Manual, sixth edition (BPM6) Primary domestic currency: CFA franc Data last updated: 08/2023",-0.354
1890,C?te d'Ivoire,Current account balance,U.S. dollars,Billions,"Source: Central Bank. Data prior to 1996 are preliminary in light of a pending re-basing operation. Latest actual data: 2021 BOP Manual used: Balance of Payments and International Investment Position Manual, sixth edition (BPM6) Primary domestic currency: CFA franc Data last updated: 09/2023",-0.414
6950,Somalia,Current account balance,U.S. dollars,Billions,"Source: Central Bank. Full source: Central Bank and IMF Staff Latest actual data: 2022 BOP Manual used: Balance of Payments Manual, fifth edition (BPM5) Primary domestic currency: US dollar Data last updated: 09/2023",-0.417
7742,Togo,Current account balance,U.S. dollars,Billions,"Source: Central Bank Latest actual data: 2021 BOP Manual used: Balance of Payments and International Investment Position Manual, sixth edition (BPM6) Primary domestic currency: CFA franc Data last updated: 09/2023",-0.437
4442,Lithuania,Current account balance,U.S. dollars,Billions,"Source: Central Bank. http://www.lbank.lt/eng/statistic/index.html. Latest actual data: 2022 Notes: Data prior to 1993 cannot be confirmed by national sources at this time. BOP Manual used: Balance of Payments and International Investment Position Manual, sixth edition (BPM6) Primary domestic currency: Euro Data last updated: 09/2023",-0.461
4926,Mauritius,Current account balance,U.S. dollars,Billions,"Source: Central Bank Latest actual data: 2022 BOP Manual used: Balance of Payments and International Investment Position Manual, sixth edition (BPM6) Primary domestic currency: Mauritian rupee Data last updated: 09/2023",-0.491
4046,Kosovo,Current account balance,U.S. dollars,Billions,"Source: Central Bank Latest actual data: 2022 BOP Manual used: Balance of Payments and International Investment Position Manual, sixth edition (BPM6) Primary domestic currency: Euro Data last updated: 09/2023",-0.533
7698,Timor-Leste,Current account balance,U.S. dollars,Billions,"Source: Central Bank Latest actual data: 2021 BOP Manual used: Balance of Payments and International Investment Position Manual, sixth edition (BPM6) Primary domestic currency: US dollar Data last updated: 08/2023",-0.544
2330,El Salvador,Current account balance,U.S. dollars,Billions,"Source: Central Bank Latest actual data: 2022 BOP Manual used: Balance of Payments and International Investment Position Manual, sixth edition (BPM6) Primary domestic currency: US dollar Data last updated: 08/2023",-0.55
922,Bhutan,Current account balance,U.S. dollars,Billions,"Source: Central Bank Latest actual data: FY2020/21 Notes: Data reported on fiscal year basis (July-June). BOP Manual used: Balance of Payments and International Investment Position Manual, sixth edition (BPM6). Data from 2006/07 onwards are compiled in BPM 6. Primary domestic currency: Bhutanese ngultrum Data last updated: 09/2023",-0.653
3254,Honduras,Current account balance,U.S. dollars,Billions,"Source: Central Bank Latest actual data: 2022 Notes: Balance of current account includes HIPC grants from IMF, IDB, World Bank, DFID, and FIDA. Interest are on accrual basis; that is, they include the debit entry of ""accumulation of arrears on interest."" BOP Manual used: Balance of Payments Manual, fifth edition (BPM5) Primary domestic currency: Honduran lempira Data last updated: 09/2023",-0.683
8578,Zambia,Current account balance,U.S. dollars,Billions,"Source: Central Bank Latest actual data: 2022 BOP Manual used: Balance of Payments and International Investment Position Manual, sixth edition (BPM6) Primary domestic currency: Zambian kwacha Data last updated: 09/2023",-0.685
8622,Zimbabwe,Current account balance,U.S. dollars,Billions,"Source: Reserve Bank of Zimbabwe and Ministry of Finance. Latest actual data: 2022 BOP Manual used: Balance of Payments and International Investment Position Manual, sixth edition (BPM6) Primary domestic currency: Zimbabwe dollar Data last updated: 09/2023",-0.697
5102,Mongolia,Current account balance,U.S. dollars,Billions,"Source: Central Bank Latest actual data: 2022 BOP Manual used: Balance of Payments and International Investment Position Manual, sixth edition (BPM6). The data is BPM6, but we use BPM5 presentation in our files/tables. This is because some of the series that we forecast(and are important for MNG such as loan disbursement and amortization) are not available under the BPM6 presentation. The BPM6 submission template is mainly used to change the presentation (for example the changed signs in FA). Just to clarify, we are referring to data from 2016 onward. Primary domestic currency: Mongolian t?gr?g Data last updated: 08/2023",-0.7
4882,Mauritania,Current account balance,U.S. dollars,Billions,"Source: Central Bank Latest actual data: 2021 BOP Manual used: Balance of Payments and International Investment Position Manual, sixth edition (BPM6) Primary domestic currency: New Mauritanian ouguiya Data last updated: 08/2023",-0.707
5146,Montenegro,Current account balance,U.S. dollars,Billions,"Source: Central Bank Latest actual data: 2022 BOP Manual used: Balance of Payments and International Investment Position Manual, sixth edition (BPM6) Primary domestic currency: Euro Data last updated: 09/2023",-0.71
4354,Liberia,Current account balance,U.S. dollars,Billions,"Source: Central Bank. Publish from 2000 only, no reliable data due to civil war in the country. The current account balance is in millions of U.S. dollars. Latest actual data: 2022 BOP Manual used: Balance of Payments Manual, fifth edition (BPM5). Authorities provided data in BPM5. Country team converted them to BPM6. Primary domestic currency: US dollar Data last updated: 09/2023",-0.747
7830,Trinidad and Tobago,Current account balance,U.S. dollars,Billions,"Source: Central Bank Latest actual data: 2022 BOP Manual used: Balance of Payments and International Investment Position Manual, sixth edition (BPM6) Primary domestic currency: Trinidad and Tobago dollar Data last updated: 09/2023",-0.776
1230,Burkina Faso,Current account balance,U.S. dollars,Billions,"Source: Central Bank Latest actual data: 2021 BOP Manual used: Balance of Payments and International Investment Position Manual, sixth edition (BPM6) Primary domestic currency: CFA franc Data last updated: 09/2023",-0.78
4134,Kyrgyz Republic,Current account balance,U.S. dollars,Billions,"Source: Central Bank Latest actual data: 2022 BOP Manual used: Balance of Payments and International Investment Position Manual, sixth edition (BPM6) Primary domestic currency: Kyrgyz som Data last updated: 08/2023",-0.792
8050,Uganda,Current account balance,U.S. dollars,Billions,"Source: Central Bank Latest actual data: 2022 BOP Manual used: Balance of Payments and International Investment Position Manual, sixth edition (BPM6) Primary domestic currency: Ugandan shilling Data last updated: 09/2023",-0.796
6598,Senegal,Current account balance,U.S. dollars,Billions,"Source: Central Bank and Staff estimates. Latest actual data: 2021 BOP Manual used: Balance of Payments and International Investment Position Manual, sixth edition (BPM6) Primary domestic currency: CFA franc Data last updated: 09/2023",-0.797
1010,Bosnia and Herzegovina,Current account balance,U.S. dollars,Billions,"Source: Central Bank Latest actual data: 2022 BOP Manual used: Balance of Payments and International Investment Position Manual, sixth edition (BPM6) Primary domestic currency: Bosnian convertible marka Data last updated: 09/2023",-0.804
2198,Dominican Republic,Current account balance,U.S. dollars,Billions,"Source: Central Bank Latest actual data: 2022 BOP Manual used: Balance of Payments and International Investment Position Manual, sixth edition (BPM6). Using BPM6 from 2010 onwards Primary domestic currency: Dominican peso Data last updated: 09/2023",-0.815
1978,Cyprus,Current account balance,U.S. dollars,Billions,"Source: Central Bank. Other, Eurostat Latest actual data: 2022 BOP Manual used: Balance of Payments and International Investment Position Manual, sixth edition (BPM6) Primary domestic currency: Euro Data last updated: 09/2023",-0.88
86,Albania,Current account balance,U.S. dollars,Billions,"Source: Central Bank Latest actual data: 2022 BOP Manual used: Balance of Payments and International Investment Position Manual, sixth edition (BPM6). Starting with the year 2013 data are provided by the authorities in BPM6. Data for prior years are converted by the staff from BPM5. Primary domestic currency: Albanian lek Data last updated: 09/2023",-0.898
4618,Malawi,Current account balance,U.S. dollars,Billions,"Source: National Statistics Office. Other sources: Tobacco Control Commission, Ministry of Mines. Latest actual data: 2021 BOP Manual used: Balance of Payments and International Investment Position Manual, sixth edition (BPM6) Primary domestic currency: Malawian kwacha Data last updated: 09/2023",-1.013
4750,Mali,Current account balance,U.S. dollars,Billions,"Source: Central Bank Latest actual data: 2021 BOP Manual used: Balance of Payments and International Investment Position Manual, sixth edition (BPM6) Primary domestic currency: CFA franc Data last updated: 08/2023",-1.015
4706,Maldives,Current account balance,U.S. dollars,Billions,"Source: Central Bank Latest actual data: 2022 BOP Manual used: Balance of Payments and International Investment Position Manual, sixth edition (BPM6). Data reported to the IMF on a BPM5 basis are re-arranged to a BPM6 presentational basis, for publication purposes. Primary domestic currency: Maldivian rufiyaa Data last updated: 08/2023",-1.032
1406,Cameroon,Current account balance,U.S. dollars,Billions,"Source: Ministry of Finance or Treasury Latest actual data: 2022 Notes: The percent changes in 2002 are calculated over a period of 18 months, reflecting a change in the fiscal year cycle (from July-June to January-December). BOP Manual used: Balance of Payments and International Investment Position Manual, sixth edition (BPM6). Authorities have begun a transition to BPM6 but it is not yet complete Primary domestic currency: CFA franc Data last updated: 09/2023",-1.037
1538,Chad,Current account balance,U.S. dollars,Billions,"Source: Central Bank Latest actual data: 2021 BOP Manual used: Balance of Payments Manual, fifth edition (BPM5) Primary domestic currency: CFA franc Data last updated: 08/2023",-1.063
5542,Nicaragua,Current account balance,U.S. dollars,Billions,"Source: IMF Staff Estimates Latest actual data: 2021 Notes: Due to political and economic events (civil war and hyperinflation) data prior to 1995 are less reliable. BOP Manual used: Balance of Payments and International Investment Position Manual, sixth edition (BPM6) Primary domestic currency: Nicaraguan C?rdoba Data last updated: 09/2023",-1.127
5586,Niger,Current account balance,U.S. dollars,Billions,"Source: Central Bank Latest actual data: 2021 BOP Manual used: Balance of Payments and International Investment Position Manual, sixth edition (BPM6) Primary domestic currency: CFA franc Data last updated: 09/2023",-1.182
6642,Serbia,Current account balance,U.S. dollars,Billions,"Source: Central Bank. National Bank of Serbia Latest actual data: 2022 BOP Manual used: Balance of Payments and International Investment Position Manual, sixth edition (BPM6). NBS introduced BPM6 in April 2014. Primary domestic currency: Serbian dinar Data last updated: 09/2023",-1.189
6070,Philippines,Current account balance,U.S. dollars,Billions,"Source: Central Bank. Accessed via Haver Latest actual data: 2022 BOP Manual used: Balance of Payments and International Investment Position Manual, sixth edition (BPM6) Primary domestic currency: Philippine peso Data last updated: 09/2023",-1.199
1846,Costa Rica,Current account balance,U.S. dollars,Billions,"Source: Central Bank Latest actual data: 2022 BOP Manual used: Balance of Payments and International Investment Position Manual, sixth edition (BPM6) Primary domestic currency: Costa Rican col?n Data last updated: 09/2023",-1.257
6378,Rwanda,Current account balance,U.S. dollars,Billions,"Source: Central Bank Latest actual data: 2021 BOP Manual used: Balance of Payments and International Investment Position Manual, sixth edition (BPM6) Primary domestic currency: Rwandan franc Data last updated: 08/2023",-1.331
526,Azerbaijan,Current account balance,U.S. dollars,Billions,"Source: Central Bank Latest actual data: 2022 Notes: Data prior to 2005 cannot be confirmed at this time. BOP Manual used: Balance of Payments and International Investment Position Manual, sixth edition (BPM6) Primary domestic currency: Azerbaijan manat Data last updated: 09/2023",-1.363
8094,Ukraine,Current account balance,U.S. dollars,Billions,"Source: Central Bank. Formally, the National Bank of Ukraine. Starting in 2014Q2, data excludes Crimea and Sevastopol. Latest actual data: 2022 BOP Manual used: Balance of Payments and International Investment Position Manual, sixth edition (BPM6). Data is based on BPM6 data. Primary domestic currency: Ukrainian hryvnia Data last updated: 09/2023",-1.394
570,The Bahamas,Current account balance,U.S. dollars,Billions,"Source: Central Bank Latest actual data: 2022 Notes: Starting in 2015 (BPM6), oil export does not include re-exports of oil BOP Manual used: Balance of Payments and International Investment Position Manual, sixth edition (BPM6). The Central Bank of Bahamas switched to BPM6 in 2021. The new BPM6 data starts from 2015. Primary domestic currency: Bahamian dollar Data last updated: 09/2023",-1.473
614,Bahrain,Current account balance,U.S. dollars,Billions,"Source: Central Bank. Central Bank of Bahrain Latest actual data: 2022 BOP Manual used: Balance of Payments and International Investment Position Manual, sixth edition (BPM6). BOP data from 2011 are based on a new methodology revised in 2016 by the authorities. Changes include adoption of BPM6 format, exclusion of some non-resident offshore banks, and additional coverage for trade. Pre-2011 data on capital and financial flows, the current account aggregate, and for secondary income are unchanged and follow the previous methodology. Pre-2011 goods trade data are unchanged and follow the previous methodology, except for 2009 and 2010, where non-oil exports and imports are taken from UN Comtrade. Pre-2011 services and primary income data are staff estimates. Primary domestic currency: Bahrain dinar Data last updated: 09/2023",-1.493
1758,Democratic Republic of the Congo,Current account balance,U.S. dollars,Billions,"Source: Central Bank Latest actual data: 2022 Notes: Data prior to 2001 cannot be confirmed by national sources at this time. BOP Manual used: Balance of Payments and International Investment Position Manual, sixth edition (BPM6) Primary domestic currency: Congolese franc Data last updated: 09/2023",-1.504
2726,Gabon,Current account balance,U.S. dollars,Billions,"Source: IMF Staff Estimates Latest actual data: 2019 BOP Manual used: Balance of Payments Manual, fifth edition (BPM5) Primary domestic currency: CFA franc Data last updated: 09/2023",-1.551
746,Belarus,Current account balance,U.S. dollars,Billions,"Source: Central Bank. Formally, the National Bank of the Republic of Belarus Latest actual data: 2022 Notes: Projections are based on preliminary assumptions about agreements with Russia on Belarus imports of crude oil. BOP Manual used: Balance of Payments and International Investment Position Manual, sixth edition (BPM6) Primary domestic currency: Belarusian ruble Data last updated: 09/2023",-1.612
1362,Cambodia,Current account balance,U.S. dollars,Billions,"Source: Central Bank Latest actual data: 2022 BOP Manual used: Balance of Payments Manual, fifth edition (BPM5) Primary domestic currency: Cambodian riel Data last updated: 09/2023",-1.699
7126,Sri Lanka,Current account balance,U.S. dollars,Billions,"Source: Central Bank Latest actual data: 2021 BOP Manual used: Balance of Payments and International Investment Position Manual, sixth edition (BPM6) Primary domestic currency: Sri Lankan rupee Data last updated: 09/2023",-1.744
4178,Lao P.D.R.,Current account balance,U.S. dollars,Billions,"Source: Central Bank. Central Bank Latest actual data: 2020 BOP Manual used: Balance of Payments and International Investment Position Manual, sixth edition (BPM6). The authorities submit BOP data on BPM6 basis starting 2012. Staff estimates for imports, primary income and FDI are being used currently as authorities continue to improve coverage and comprehensiveness of the reported data with the technical assistance from the IMF. Primary domestic currency: Lao kip Data last updated: 07/2023",-1.755
5322,Namibia,Current account balance,U.S. dollars,Billions,"Source: Central Bank Latest actual data: 2022 BOP Manual used: Balance of Payments and International Investment Position Manual, sixth edition (BPM6) Primary domestic currency: Namibian dollar Data last updated: 09/2023",-1.769
8534,Yemen,Current account balance,U.S. dollars,Billions,"Source: IMF Staff Estimates. We complement the authorities' BoP data with publicly available information from other sources, in particular the UN (UNVIM, COMTRADE, OCHA, WFP). Latest actual data: 2022 BOP Manual used: Balance of Payments Manual, fifth edition (BPM5) Primary domestic currency: Yemeni rial Data last updated: 09/2023",-1.829
2814,Georgia,Current account balance,U.S. dollars,Billions,"Source: Central Bank Latest actual data: 2022 BOP Manual used: Balance of Payments and International Investment Position Manual, sixth edition (BPM6) Primary domestic currency: Georgian lari Data last updated: 08/2023",-1.886
966,Bolivia,Current account balance,U.S. dollars,Billions,"Source: Central Bank Latest actual data: 2022 BOP Manual used: Balance of Payments and International Investment Position Manual, sixth edition (BPM6) Primary domestic currency: Bolivian boliviano Data last updated: 09/2023",-1.907
2682,France,Current account balance,U.S. dollars,Billions,"Source: Central Bank Latest actual data: 2022 BOP Manual used: Balance of Payments and International Investment Position Manual, sixth edition (BPM6) Primary domestic currency: Euro Data last updated: 09/2023",-12.025
4266,Lebanon,Current account balance,U.S. dollars,Billions,"Source: Central Bank. Also: IMF staff. Latest actual data: 2021 BOP Manual used: Balance of Payments Manual, fifth edition (BPM5). The authorities are moving to BPM6. Primary domestic currency: Lebanese pound Data last updated: 08/2023",-12.042
5762,Oman,Current account balance,U.S. dollars,Billions,"Source: Central Bank Latest actual data: 2021 BOP Manual used: Balance of Payments and International Investment Position Manual, sixth edition (BPM6) Primary domestic currency: Omani rial Data last updated: 09/2023",-12.54
3606,Ireland,Current account balance,U.S. dollars,Billions,"Source: National Statistics Office. Central Statistical Office of Ireland (CSO) Latest actual data: 2022 BOP Manual used: Balance of Payments and International Investment Position Manual, sixth edition (BPM6) Primary domestic currency: Euro Data last updated: 09/2023",-12.586
1670,Colombia,Current account balance,U.S. dollars,Billions,"Source: Central Bank. And National Statistical Office Latest actual data: 2022 BOP Manual used: Balance of Payments and International Investment Position Manual, sixth edition (BPM6) Primary domestic currency: Colombian peso Data last updated: 09/2023",-12.587
3562,Iraq,Current account balance,U.S. dollars,Billions,"Source: Central Bank Latest actual data: 2022 BOP Manual used: Balance of Payments and International Investment Position Manual, sixth edition (BPM6) Primary domestic currency: Iraqi dinar Data last updated: 09/2023",-13.315
3430,India,Current account balance,U.S. dollars,Billions,"Source: Central Bank Latest actual data: FY2022/23 BOP Manual used: Balance of Payments and International Investment Position Manual, sixth edition (BPM6). Data converted from BPM5 to BPM6 by staff. Primary domestic currency: Indian rupee Data last updated: 09/2023",-14.351
8182,United Kingdom,Current account balance,U.S. dollars,Billions,"Source: National Statistics Office Latest actual data: 2022 BOP Manual used: Balance of Payments and International Investment Position Manual, sixth edition (BPM6) Primary domestic currency: British pound Data last updated: 09/2023",-148.654
306,Argentina,Current account balance,U.S. dollars,Billions,"Source: National Statistics Office Latest actual data: 2022 BOP Manual used: Balance of Payments and International Investment Position Manual, sixth edition (BPM6) Primary domestic currency: Argentine peso Data last updated: 09/2023",-15.104
3474,Indonesia,Current account balance,U.S. dollars,Billions,"Source: Central Bank. Accessed via CEIC Database Latest actual data: 2022 Notes: The authorities have revised the balance of payments to ""Balance of Payments Manual, 6th edition"" standards for data starting in 2010. Prior to 2010 STA conversion data are used. BOP Manual used: Balance of Payments and International Investment Position Manual, sixth edition (BPM6) Primary domestic currency: Indonesian rupiah Data last updated: 09/2023",-16.953
2286,Egypt,Current account balance,U.S. dollars,Billions,"Source: Central Bank Latest actual data: FY2021/22 BOP Manual used: Balance of Payments Manual, fifth edition (BPM5) Primary domestic currency: Egyptian pound Data last updated: 09/2023",-19.831
7610,Tanzania,Current account balance,U.S. dollars,Billions,"Source: Central Bank Latest actual data: 2021 BOP Manual used: Balance of Payments and International Investment Position Manual, sixth edition (BPM6) Primary domestic currency: Tanzanian shilling Data last updated: 09/2023",-2.103
8490,West Bank and Gaza,Current account balance,U.S. dollars,Billions,"Source: National Statistics Office Latest actual data: 2022 BOP Manual used: Balance of Payments and International Investment Position Manual, sixth edition (BPM6). Data based on BPM6 begin in 2011. Prior data are not comparable Primary domestic currency: Israeli new shekel Data last updated: 09/2023",-2.143
6818,Slovak Republic,Current account balance,U.S. dollars,Billions,"Source: Central Bank. National bank of Slovakia Latest actual data: 2022 Notes: Balance of payments data before 2009 reflect staff estimates to comply with BPM6 pending provision of a longer times series based on BPM6. BOP Manual used: Balance of Payments and International Investment Position Manual, sixth edition (BPM6) Primary domestic currency: Euro Data last updated: 09/2023",-2.458
5278,Myanmar,Current account balance,U.S. dollars,Billions,"Source: Historical data up to 2017 have been re-estimated by IMF staff to ensure data consistency after the change of fiscal year starting 2018 from April-March to October-September. Latest actual data: FY2021/22 BOP Manual used: Balance of Payments and International Investment Position Manual, sixth edition (BPM6). Includes adjustments by staff towards BPM6 presentation. Historical data up to 2010/2011 are converted by staff based on data from BPM5 manual, as they are not available in BPM6 presentation. Primary domestic currency: Myanmar kyat Data last updated: 08/2023",-2.527
3078,Guinea,Current account balance,U.S. dollars,Billions,"Source: Central Bank. Ministry of Finance and Planning Latest actual data: 2021 Notes: Data prior to 1995 cannot be confirmed by national sources at this time. BOP Manual used: Balance of Payments and International Investment Position Manual, sixth edition (BPM6) Primary domestic currency: Guinean franc Data last updated: 09/2023",-2.638
2902,Ghana,Current account balance,U.S. dollars,Billions,"Source: Central Bank Latest actual data: 2022 BOP Manual used: Balance of Payments Manual, fifth edition (BPM5). Migration not complete Primary domestic currency: Ghanaian cedi Data last updated: 09/2023",-2.841
2374,Equatorial Guinea,Current account balance,U.S. dollars,Billions,"Source: Central Bank. Banque des Etats de l'Afrique Centrale (BEAC) Latest actual data: 2017 Notes: IMF staff estimate export data from hydrocarbon and timber production and price information. Imports are estimated from final expenditure growth. Other components are mostly estimated as well. BOP Manual used: Balance of Payments Manual, fifth edition (BPM5) Primary domestic currency: CFA franc Data last updated: 09/2023",-2.921
6290,Romania,Current account balance,U.S. dollars,Billions,"Source: Central Bank. Formally, the National Bank of Romania. Latest actual data: 2022 BOP Manual used: Balance of Payments and International Investment Position Manual, sixth edition (BPM6) Primary domestic currency: Romanian leu Data last updated: 09/2023",-2.98
6554,Saudi Arabia,Current account balance,U.S. dollars,Billions,"Source: Central Bank Latest actual data: 2022 BOP Manual used: Balance of Payments and International Investment Position Manual, sixth edition (BPM6) Primary domestic currency: Saudi riyal Data last updated: 09/2023",-23.843
4970,Mexico,Current account balance,U.S. dollars,Billions,"Source: Central Bank Latest actual data: 2022 BOP Manual used: Balance of Payments and International Investment Position Manual, sixth edition (BPM6) Primary domestic currency: Mexican peso Data last updated: 09/2023",-26.051
130,Algeria,Current account balance,U.S. dollars,Billions,"Source: Central Bank Latest actual data: 2022 BOP Manual used: Balance of Payments and International Investment Position Manual, sixth edition (BPM6) Primary domestic currency: Algerian dinar Data last updated: 09/2023",-26.473
7918,T?rkiye,Current account balance,U.S. dollars,Billions,"Source: Central Bank. Central Bank of the Republic of T?rkiye Latest actual data: 2022 BOP Manual used: Balance of Payments and International Investment Position Manual, sixth edition (BPM6) Primary domestic currency: Turkish lira Data last updated: 09/2023",-26.668
218,Angola,Current account balance,U.S. dollars,Billions,"Source: Central Bank. National Bank of Angola Latest actual data: 2022 BOP Manual used: Balance of Payments and International Investment Position Manual, sixth edition (BPM6) Primary domestic currency: Angolan kwanza Data last updated: 09/2023",-3.085
5498,New Zealand,Current account balance,U.S. dollars,Billions,"Source: National Statistics Office. Statistics New Zealand Latest actual data: 2022 BOP Manual used: Balance of Payments and International Investment Position Manual, sixth edition (BPM6) Primary domestic currency: New Zealand dollar Data last updated: 09/2023",-3.806
5234,Mozambique,Current account balance,U.S. dollars,Billions,"Source: Central Bank. Data provided by Bank de Mozambique (BOM). Latest actual data: 2022 Notes: Data prior to 1992 cannot be confirmed by national sources at this time. BOP Manual used: Balance of Payments and International Investment Position Manual, sixth edition (BPM6) Primary domestic currency: Mozambican metical Data last updated: 09/2023",-3.846
3826,Jordan,Current account balance,U.S. dollars,Billions,"Source: Central Bank Latest actual data: 2021 BOP Manual used: Balance of Payments and International Investment Position Manual, sixth edition (BPM6). Includes adjustments by staff towards BPM6 presentation. Historical data up to 2000 are converted into the BPM6 presentation from data compiled under the BPM5 methodology. Primary domestic currency: Jordanian dinar Data last updated: 08/2023",-3.857
8402,Venezuela,Current account balance,U.S. dollars,Billions,"Source: Central Bank. http://www.bcv.org.ve/c2/indicadores.asp Latest actual data: 2018 BOP Manual used: Balance of Payments and International Investment Position Manual, sixth edition (BPM6) Primary domestic currency: Venezuelan bol?var Data last updated: 08/2023",-3.87
7874,Tunisia,Current account balance,U.S. dollars,Billions,"Source: Central Bank Latest actual data: 2022 BOP Manual used: Balance of Payments Manual, fifth edition (BPM5) Primary domestic currency: Tunisian dinar Data last updated: 09/2023",-3.893
1098,Brazil,Current account balance,U.S. dollars,Billions,"Source: Central Bank Latest actual data: 2022 BOP Manual used: Balance of Payments and International Investment Position Manual, sixth edition (BPM6). The authorities have submitted BOP data on BPM6 basis for 2014 and for some aggregates for 2010-2013. Primary domestic currency: Brazilian real Data last updated: 09/2023",-30.529
8226,United States,Current account balance,U.S. dollars,Billions,"Source: National Statistics Office Latest actual data: 2022 BOP Manual used: Balance of Payments and International Investment Position Manual, sixth edition (BPM6) Primary domestic currency: US dollar Data last updated: 09/2023",-396.216
3914,Kenya,Current account balance,U.S. dollars,Billions,"Source: Central Bank Latest actual data: 2022 BOP Manual used: Balance of Payments and International Investment Position Manual, sixth edition (BPM6) Primary domestic currency: Kenyan shilling Data last updated: 09/2023",-4.038
5190,Morocco,Current account balance,U.S. dollars,Billions,"Source: Foreign Exchange Office Latest actual data: 2022 BOP Manual used: Balance of Payments and International Investment Position Manual, sixth edition (BPM6) Primary domestic currency: Moroccan dirham Data last updated: 09/2023",-4.185
7302,Sudan,Current account balance,U.S. dollars,Billions,"Source: Central Bank Latest actual data: 2021 BOP Manual used: Balance of Payments and International Investment Position Manual, sixth edition (BPM6) Primary domestic currency: Sudanese pound Data last updated: 09/2023",-4.213
6026,Peru,Current account balance,U.S. dollars,Billions,"Source: Central Bank Latest actual data: 2022 BOP Manual used: Balance of Payments Manual, fifth edition (BPM5) Primary domestic currency: Peruvian sol Data last updated: 09/2023",-4.213
5894,Panama,Current account balance,U.S. dollars,Billions,"Source: National Statistics Office Latest actual data: 2022 BOP Manual used: Balance of Payments and International Investment Position Manual, sixth edition (BPM6). IMF Staff reports identify public sector flows in the financial account Primary domestic currency: US dollar Data last updated: 09/2023",-4.508
2946,Greece,Current account balance,U.S. dollars,Billions,"Source: Central Bank. Formally, the Bank of Greece. Latest actual data: 2022 Notes: The current account balance/primary income are revised by staff to include the deferred interest payments. BOP Manual used: Balance of Payments and International Investment Position Manual, sixth edition (BPM6) Primary domestic currency: Euro Data last updated: 09/2023",-4.583
4398,Libya,Current account balance,U.S. dollars,Billions,"Source: Central Bank. Central Bank and IMF Staff Estimates Latest actual data: 2022 BOP Manual used: Balance of Payments Manual, fifth edition (BPM5) Primary domestic currency: Libyan dinar Data last updated: 09/2023",-4.704
6114,Poland,Current account balance,U.S. dollars,Billions,"Source: Central Bank Latest actual data: 2022 BOP Manual used: Balance of Payments and International Investment Position Manual, sixth edition (BPM6) Primary domestic currency: Polish zloty Data last updated: 09/2023",-4.812
2638,Finland,Current account balance,U.S. dollars,Billions,"Source: National Statistics Office Latest actual data: 2022 BOP Manual used: Balance of Payments and International Investment Position Manual, sixth edition (BPM6) Primary domestic currency: Euro Data last updated: 09/2023",-4.813
1802,Republic of Congo,Current account balance,U.S. dollars,Billions,"Source: Central Bank Latest actual data: 2020 BOP Manual used: Balance of Payments and International Investment Position Manual, sixth edition (BPM6) Primary domestic currency: CFA franc Data last updated: 08/2023",-4.945
5806,Pakistan,Current account balance,U.S. dollars,Billions,"Source: Central Bank Latest actual data: FY2022/23 Notes: Prior to 1990, data are not consistent for the following reasons: (i) data may not correspond to fiscal years; (ii) data were compiled based on the methodology set out in the 4th edition of the BoP Manual rather than the 5th edition; and (iii) due to the ongoing Fund program with Pakistan and market sensitivity, the series from which the nominal exchange rate assumptions can be calculated aren't made public. BOP Manual used: Balance of Payments and International Investment Position Manual, sixth edition (BPM6) Primary domestic currency: Pakistan rupee Data last updated: 09/2023",-4.961
438,Australia,Current account balance,U.S. dollars,Billions,"Source: National Statistics Office. Australian Bureau of Statistics (via Haver Analytics) Latest actual data: 2021 BOP Manual used: Balance of Payments and International Investment Position Manual, sixth edition (BPM6) Primary domestic currency: Australian dollar Data last updated: 09/2023",-41.246
1450,Canada,Current account balance,U.S. dollars,Billions,"Source: National Statistics Office Latest actual data: 2022 BOP Manual used: Balance of Payments and International Investment Position Manual, sixth edition (BPM6) Primary domestic currency: Canadian dollar Data last updated: 09/2023",-47.188
4090,Kuwait,Current account balance,U.S. dollars,Billions,"Source: Central Bank Latest actual data: 2022 BOP Manual used: Balance of Payments and International Investment Position Manual, sixth edition (BPM6) Primary domestic currency: Kuwaiti dinar Data last updated: 09/2023",-5.06
1582,Chile,Current account balance,U.S. dollars,Billions,"Source: Central Bank Latest actual data: 2022 BOP Manual used: Balance of Payments and International Investment Position Manual, sixth edition (BPM6) Primary domestic currency: Chilean peso Data last updated: 08/2023",-6.535
3870,Kazakhstan,Current account balance,U.S. dollars,Billions,"Source: Central Bank Latest actual data: 2022 Notes: Data prior to 1996 cannot be confirmed by national sources at this time. BOP Manual used: Balance of Payments and International Investment Position Manual, sixth edition (BPM6) Primary domestic currency: Kazakhstani tenge Data last updated: 09/2023",-6.965
2550,Ethiopia,Current account balance,U.S. dollars,Billions,"Source: Central Bank Latest actual data: FY2021/22 Notes: Data refer to fiscal years (July/June), for example, data for 2019 represent fiscal year 2018/2019. BOP Manual used: Balance of Payments Manual, fifth edition (BPM5) Primary domestic currency: Ethiopian birr Data last updated: 09/2023",-7.867
6246,Qatar,Current account balance,U.S. dollars,Billions,"Source: IMF Staff Estimates. IMF Staff Estimates. Qatar Petroleum/Qatar Central Bank Latest actual data: 2022 BOP Manual used: Balance of Payments and International Investment Position Manual, sixth edition (BPM6) Primary domestic currency: Qatari riyal Data last updated: 09/2023",-8.27
6994,South Africa,Current account balance,U.S. dollars,Billions,"Source: Central Bank Latest actual data: 2022 BOP Manual used: Balance of Payments and International Investment Position Manual, sixth edition (BPM6) Primary domestic currency: South African rand Data last updated: 09/2023",-8.656
7962,Turkmenistan,Current account balance,U.S. dollars,Billions,"Source: National Statistics Office. The authorities have recently submitted detailed data about BoP accounts which dates back to 2009. Latest actual data: 2022 Notes: Data prior to 2009 cannot be confirmed by national sources at this time. BOP Manual used: Balance of Payments and International Investment Position Manual, sixth edition (BPM6) Primary domestic currency: New Turkmen manat Data last updated: 09/2023",-9.635
5366,Nauru,Current account balance,U.S. dollars,Billions,"Source: IMF Staff Estimates. Nauru Authorities and IMF staff estimates Latest actual data: FY2021/22 BOP Manual used: Balance of Payments and International Investment Position Manual, sixth edition (BPM6) Primary domestic currency: Australian dollar Data last updated: 09/2023",0.004
8006,Tuvalu,Current account balance,U.S. dollars,Billions,"Source: IMF Staff Estimates. STA Latest actual data: 2021 BOP Manual used: Balance of Payments and International Investment Position Manual, sixth edition (BPM6) Primary domestic currency: Australian dollar Data last updated: 09/2023",0.012
3122,Guinea-Bissau,Current account balance,U.S. dollars,Billions,"Source: Central Bank. Central Bank of West African States (BCEAO). Latest actual data: 2021 Notes: Data prior to 1997 cannot be confirmed by national sources at this time. BOP Manual used: Balance of Payments and International Investment Position Manual, sixth edition (BPM6). The data were recently produced and are rather of a poor quality. STA is working with the authorities to address issues. Primary domestic currency: CFA franc Data last updated: 08/2023",0.017
3958,Kiribati,Current account balance,U.S. dollars,Billions,"Source: National Statistics Office. IMF Statistics Department Latest actual data: 2021 BOP Manual used: Balance of Payments and International Investment Position Manual, sixth edition (BPM6) Primary domestic currency: Australian dollar Data last updated: 08/2023",0.019
4838,Marshall Islands,Current account balance,U.S. dollars,Billions,"Source: National Statistics Office Latest actual data: FY2021/22 BOP Manual used: Balance of Payments and International Investment Position Manual, sixth edition (BPM6) Primary domestic currency: US dollar Data last updated: 08/2023",0.02
5014,Micronesia,Current account balance,U.S. dollars,Billions,"Source: National Statistics Office Latest actual data: FY2017/18 BOP Manual used: Balance of Payments and International Investment Position Manual, sixth edition (BPM6). Data provided in BPM5, desks converted to BPM6. Primary domestic currency: US dollar Data last updated: 09/2023",0.024
4574,Madagascar,Current account balance,U.S. dollars,Billions,"Source: Central Bank Latest actual data: 2022 BOP Manual used: Balance of Payments and International Investment Position Manual, sixth edition (BPM6). As of Jan 2018, the Central Bank of Madagascar uses the 6th IMF's Balance of Payments and International Investment Position Manual. Primary domestic currency: Malagasy ariary Data last updated: 09/2023",0.057
3166,Guyana,Current account balance,U.S. dollars,Billions,"Source: Central Bank Latest actual data: 2021 BOP Manual used: Balance of Payments and International Investment Position Manual, sixth edition (BPM6) Primary domestic currency: Guyanese dollar Data last updated: 09/2023",0.065
394,Aruba,Current account balance,U.S. dollars,Billions,"Source: Central Bank Latest actual data: 2021 BOP Manual used: Balance of Payments and International Investment Position Manual, sixth edition (BPM6) Primary domestic currency: Aruban Florin Data last updated: 09/2023",0.136
8314,Uzbekistan,Current account balance,U.S. dollars,Billions,"Source: Ministry of Economy from 1992 to 2005 and Central Bank from 2005 to 2021. Latest actual data: 2022 BOP Manual used: Balance of Payments and International Investment Position Manual, sixth edition (BPM6) Primary domestic currency: Uzbek som Data last updated: 09/2023",0.213
2462,Estonia,Current account balance,U.S. dollars,Billions,"Source: Central Bank Latest actual data: 2022 BOP Manual used: Balance of Payments and International Investment Position Manual, sixth edition (BPM6) Primary domestic currency: Euro Data last updated: 09/2023",0.296
2418,Eritrea,Current account balance,U.S. dollars,Billions,"Source: Authorities up to 2009 and IMF staff estimates for 2010-19 Latest actual data: 2019 BOP Manual used: Balance of Payments Manual, fifth edition (BPM5) Primary domestic currency: Eritrean nakfa Data last updated: 09/2023",0.297
2506,Eswatini,Current account balance,U.S. dollars,Billions,"Source: Central Bank Latest actual data: 2022 BOP Manual used: Balance of Payments and International Investment Position Manual, sixth edition (BPM6) Primary domestic currency: Swazi lilangeni Data last updated: 09/2023",0.3
4222,Latvia,Current account balance,U.S. dollars,Billions,"Source: Central Bank Latest actual data: 2022 BOP Manual used: Balance of Payments and International Investment Position Manual, sixth edition (BPM6) Primary domestic currency: Euro Data last updated: 09/2023",0.44
8270,Uruguay,Current account balance,U.S. dollars,Billions,"Source: Central Bank Latest actual data: 2022 BOP Manual used: Balance of Payments and International Investment Position Manual, sixth edition (BPM6). Data prior to 2012 are unavailable in accordance with the authorities current methodology. Primary domestic currency: Uruguayan peso Data last updated: 08/2023",0.474
7038,South Sudan,Current account balance,U.S. dollars,Billions,"Source: The data comes from a combination of IMF Staff / Ministry of Economy / Ministry of Finance / National Statistics Office Latest actual data: 2021 Notes: All data is estimated from secondary sources. BOP Manual used: Balance of Payments and International Investment Position Manual, sixth edition (BPM6) Primary domestic currency: South Sudanese pound Data last updated: 09/2023",0.568
8446,Vietnam,Current account balance,U.S. dollars,Billions,"Source: Central Bank Latest actual data: 2022 BOP Manual used: Balance of Payments and International Investment Position Manual, sixth edition (BPM6) Primary domestic currency: Vietnamese dong Data last updated: 09/2023",0.625
3034,Guatemala,Current account balance,U.S. dollars,Billions,"Source: Central Bank Latest actual data: 2022 BOP Manual used: Balance of Payments and International Investment Position Manual, sixth edition (BPM6) Primary domestic currency: Guatemalan quetzal Data last updated: 09/2023",0.637
2242,Ecuador,Current account balance,U.S. dollars,Billions,"Source: Central Bank Latest actual data: 2022 BOP Manual used: Balance of Payments and International Investment Position Manual, sixth edition (BPM6) Primary domestic currency: US dollar Data last updated: 09/2023",1.094
1934,Croatia,Current account balance,U.S. dollars,Billions,"Source: Central Bank. Data were historically disseminated and commented by the Croatian National Bank (www.hnb.hr) Latest actual data: 2022 Notes: Prior to 2012, includes large errors and omissions term, which correlates closely with estimated tourism receipts. Tourism receipts account for about 15 percent of GDP. BOP Manual used: Balance of Payments and International Investment Position Manual, sixth edition (BPM6) Primary domestic currency: Euro Data last updated: 09/2023",1.168
1054,Botswana,Current account balance,U.S. dollars,Billions,"Source: Central Bank Latest actual data: 2022 BOP Manual used: Balance of Payments and International Investment Position Manual, sixth edition (BPM6) Primary domestic currency: Botswana pula Data last updated: 09/2023",1.203
5410,Nepal,Current account balance,U.S. dollars,Billions,"Source: Central Bank Latest actual data: FY2021/22 BOP Manual used: Balance of Payments Manual, fifth edition (BPM5) Primary domestic currency: Nepalese rupee Data last updated: 08/2023",1.339
1142,Brunei Darussalam,Current account balance,U.S. dollars,Billions,"Source: Ministry of Finance or Treasury. Department of Economic Planning and Statistics Latest actual data: 2022 BOP Manual used: Balance of Payments and International Investment Position Manual, sixth edition (BPM6) Primary domestic currency: Brunei dollar Data last updated: 09/2023",1.47
5982,Paraguay,Current account balance,U.S. dollars,Billions,"Source: Central Bank Latest actual data: 2022 BOP Manual used: Balance of Payments and International Investment Position Manual, sixth edition (BPM6) Primary domestic currency: Paraguayan guaran? Data last updated: 09/2023",1.538
42,Afghanistan,Current account balance,U.S. dollars,Billions,"Source: Various sources: Central Statistical Office; ministry of finance, central bank, Directions of Trade Statistics; Afghanistan Investment Support Agency; IMF staff Latest actual data: 2020 Notes: Data for 2021 and 2022 is provided only for exports and imports; source is the National Statistics and Information Authority and IMF Staff Estimates. BOP Manual used: Balance of Payments and International Investment Position Manual, sixth edition (BPM6) Primary domestic currency: Afghan afghani Data last updated: 09/2023",1.627
1186,Bulgaria,Current account balance,U.S. dollars,Billions,"Source: Central Bank Latest actual data: 2022 BOP Manual used: Balance of Payments and International Investment Position Manual, sixth edition (BPM6) Primary domestic currency: Bulgarian lev Data last updated: 09/2023",1.651
3386,Iceland,Current account balance,U.S. dollars,Billions,"Source: Central Bank Latest actual data: 2022 BOP Manual used: Balance of Payments and International Investment Position Manual, sixth edition (BPM6) Primary domestic currency: Icelandic kr?na Data last updated: 09/2023",1.684
482,Austria,Current account balance,U.S. dollars,Billions,"Source: Central Bank Latest actual data: 2022 Notes: Capital account includes migrants' transfers BOP Manual used: Balance of Payments and International Investment Position Manual, sixth edition (BPM6) Primary domestic currency: Euro Data last updated: 09/2023",10.78
7390,Sweden,Current account balance,U.S. dollars,Billions,"Source: National Statistics Office Latest actual data: 2022 BOP Manual used: Balance of Payments and International Investment Position Manual, sixth edition (BPM6) Primary domestic currency: Swedish krona Data last updated: 09/2023",11.504
4530,Macao SAR,Current account balance,U.S. dollars,Billions,"Source: National Statistics Office Latest actual data: 2021 BOP Manual used: Balance of Payments and International Investment Position Manual, sixth edition (BPM6) Primary domestic currency: Macanese pataca Data last updated: 09/2023",11.954
3650,Israel,Current account balance,U.S. dollars,Billions,"Source: National Statistics Office and Haver Latest actual data: 2022 BOP Manual used: Balance of Payments and International Investment Position Manual, sixth edition (BPM6) Primary domestic currency: Israeli new shekel Data last updated: 09/2023",12.092
3298,Hong Kong SAR,Current account balance,U.S. dollars,Billions,"Source: National Statistics Office. Data retrieved from CEIC Latest actual data: 2022 BOP Manual used: Balance of Payments and International Investment Position Manual, sixth edition (BPM6). In accordance with the requirements in the Special Data Dissemination Standard (IMF) Primary domestic currency: Hong Kong dollar Data last updated: 08/2023",12.701
8138,United Arab Emirates,Current account balance,U.S. dollars,Billions,"Source: Central Bank. Adjustments by IMF staff to convert Central Bank data from BPM5 to BPM6 Latest actual data: 2021 BOP Manual used: Balance of Payments Manual, fifth edition (BPM5) Primary domestic currency: U.A.E. dirham Data last updated: 09/2023",13.2
3518,Islamic Republic of Iran,Current account balance,U.S. dollars,Billions,"Source: Central Bank. The accuracy of data before 1990, the time of the Iran-Iraq war, cannot be verified. Data are based on Central Bank and IMF staff estimates. Latest actual data: FY2022/23 Notes: Data prior to 1990 cannot be confirmed by national sources at this time. BOP Manual used: Balance of Payments Manual, fifth edition (BPM5) Primary domestic currency: Iranian rial Data last updated: 09/2023",13.236
5718,Norway,Current account balance,U.S. dollars,Billions,"Source: National Statistics Office Latest actual data: 2022 BOP Manual used: Balance of Payments and International Investment Position Manual, sixth edition (BPM6) Primary domestic currency: Norwegian krone Data last updated: 09/2023",19.36
1626,China,Current account balance,U.S. dollars,Billions,"Source: Compiled by the Balance of Payments Department of the State Administration of Foreign Exchange. Data retrieved from CEIC. Latest actual data: 2022 BOP Manual used: Balance of Payments and International Investment Position Manual, sixth edition (BPM6) Primary domestic currency: Chinese yuan Data last updated: 09/2023",191.337
3782,Japan,Current account balance,U.S. dollars,Billions,"Source: Ministry of Finance or Treasury. Bank of Japan/ Ministry of Finance via Haver Analytics Latest actual data: 2022 BOP Manual used: Balance of Payments and International Investment Position Manual, sixth edition (BPM6) Primary domestic currency: Japanese yen Data last updated: 09/2023",197.779
6862,Slovenia,Current account balance,U.S. dollars,Billions,"Source: Central Bank Latest actual data: 2022 BOP Manual used: Balance of Payments and International Investment Position Manual, sixth edition (BPM6) Primary domestic currency: Euro Data last updated: 09/2023",2.138
6158,Portugal,Current account balance,U.S. dollars,Billions,"Source: Central Bank Latest actual data: 2022 BOP Manual used: Balance of Payments and International Investment Position Manual, sixth edition (BPM6) Primary domestic currency: Euro Data last updated: 09/2023",2.419
790,Belgium,Current account balance,U.S. dollars,Billions,"Source: Central Bank. Data are subject to frequent and sizable revisions. The latest methodological change took place in Sep-Oct 2019 covering 2015-18, and retropolated to 2009. Significant data revisions took place in Sep 2020 affecting 2017-19 data. Latest actual data: 2022 BOP Manual used: Balance of Payments and International Investment Position Manual, sixth edition (BPM6) Primary domestic currency: Euro Data last updated: 09/2023",2.625
5938,Papua New Guinea,Current account balance,U.S. dollars,Billions,"Source: Central Bank. Some Treasury data as well Latest actual data: 2022 BOP Manual used: Balance of Payments and International Investment Position Manual, sixth edition (BPM6) Primary domestic currency: Papua New Guinea kina Data last updated: 09/2023",2.84
4486,Luxembourg,Current account balance,U.S. dollars,Billions,"Source: National Statistics Office Latest actual data: 2022 BOP Manual used: Balance of Payments and International Investment Position Manual, sixth edition (BPM6) Primary domestic currency: Euro Data last updated: 09/2023",2.961
2066,Denmark,Current account balance,U.S. dollars,Billions,"Source: National Statistics Office. DNK Statistics provides data on current account only starting with 1988. For 1980-87 data for trade in goods and services are based on national accounts; and for income balance and current transfers are based on IFS data. Since 2005 current account is calculated based on a new methodology. Latest actual data: 2022 BOP Manual used: Balance of Payments and International Investment Position Manual, sixth edition (BPM6) Primary domestic currency: Danish krone Data last updated: 09/2023",24.341
6334,Russia,Current account balance,U.S. dollars,Billions,"Source: Central Bank Latest actual data: 2022 BOP Manual used: Balance of Payments and International Investment Position Manual, sixth edition (BPM6) Primary domestic currency: Russian ruble Data last updated: 09/2023",24.469
2858,Germany,Current account balance,U.S. dollars,Billions,"Source: Central Bank. Additional source: IMF Statistics Department Latest actual data: 2022 Notes: Data until 1990 refers to German federation only (West Germany). Data from 1991 refer to United Germany. BOP Manual used: Balance of Payments and International Investment Position Manual, sixth edition (BPM6) Primary domestic currency: Euro Data last updated: 09/2023",299.003
2022,Czech Republic,Current account balance,U.S. dollars,Billions,"Source: National Statistics Office Latest actual data: 2022 BOP Manual used: Balance of Payments and International Investment Position Manual, sixth edition (BPM6) Primary domestic currency: Czech koruna Data last updated: 09/2023",3.485
7082,Spain,Current account balance,U.S. dollars,Billions,"Source: Central Bank Latest actual data: 2022 BOP Manual used: Balance of Payments and International Investment Position Manual, sixth edition (BPM6) Primary domestic currency: Euro Data last updated: 09/2023",39.14
658,Bangladesh,Current account balance,U.S. dollars,Billions,"Source: Central Bank Latest actual data: FY2021/22 BOP Manual used: Balance of Payments and International Investment Position Manual, sixth edition (BPM6) Primary domestic currency: Bangladesh taka Data last updated: 09/2023",4.262
7654,Thailand,Current account balance,U.S. dollars,Billions,"Source: Central Bank. Downloaded via CEIC; Prior to 2005 data come from IMF Statistics Department. Latest actual data: 2022 BOP Manual used: Balance of Payments and International Investment Position Manual, sixth edition (BPM6). The authorities issue BPM6 historical data back from 2005 and discontinued the BPM5 series.? Primary domestic currency: Thai baht Data last updated: 08/2023",43.438
3694,Italy,Current account balance,U.S. dollars,Billions,"Source: National Statistics Office Latest actual data: 2022 BOP Manual used: Balance of Payments and International Investment Position Manual, sixth edition (BPM6) Primary domestic currency: Euro Data last updated: 09/2023",49.684
5630,Nigeria,Current account balance,U.S. dollars,Billions,"Source: Central Bank. IMF Statistics Department Latest actual data: 2022 Notes: Data prior to 1990 cannot be confirmed by national sources at this time. BOP Manual used: Balance of Payments and International Investment Position Manual, sixth edition (BPM6) Primary domestic currency: Nigerian naira Data last updated: 09/2023",5.077
3342,Hungary,Current account balance,U.S. dollars,Billions,"Source: Central Bank Latest actual data: 2022 BOP Manual used: Balance of Payments and International Investment Position Manual, sixth edition (BPM6) Primary domestic currency: Hungarian forint Data last updated: 09/2023",5.765
7434,Switzerland,Current account balance,U.S. dollars,Billions,"Source: Central Bank Latest actual data: 2022 BOP Manual used: Balance of Payments and International Investment Position Manual, sixth edition (BPM6) Primary domestic currency: Swiss franc Data last updated: 09/2023",50.039
5454,Netherlands,Current account balance,U.S. dollars,Billions,"Source: Central Bank. IMF Statistics Department, Balance of Payments and International Investment Position Database Latest actual data: 2022 Notes: SFIs are integrated in the resident economy. BOP Manual used: Balance of Payments and International Investment Position Manual, sixth edition (BPM6) Primary domestic currency: Euro Data last updated: 08/2023",55.761
6774,Singapore,Current account balance,U.S. dollars,Billions,"Source: National Statistics Office Latest actual data: 2022 BOP Manual used: Balance of Payments and International Investment Position Manual, sixth edition (BPM6) Primary domestic currency: Singapore dollar Data last updated: 09/2023",56.699
4662,Malaysia,Current account balance,U.S. dollars,Billions,"Source: National Statistics Office. From Department of Statistics Malaysia (DOS) downloaded via CEIC Latest actual data: 2022 BOP Manual used: Balance of Payments and International Investment Position Manual, sixth edition (BPM6). The authorities issue BPM6 historical data back from 2005 and discontinued the BPM5 series. Data before 2005 come from the IMF Balance of Payments and International Investment Position Database. Primary domestic currency: Malaysian ringgit Data last updated: 09/2023",7.21
7522,Taiwan Province of China,Current account balance,U.S. dollars,Billions,"Source: Central Bank. Data retrieved from CEIC Latest actual data: 2022 Notes: BPM6 exports and imports estimates may deviate from authorities' data due to imputed merchanting trade data. BOP Manual used: Balance of Payments and International Investment Position Manual, sixth edition (BPM6) Primary domestic currency: New Taiwan dollar Data last updated: 08/2023",71.259
4002,Korea,Current account balance,U.S. dollars,Billions,"Source: Central Bank Latest actual data: 2022 BOP Manual used: Balance of Payments and International Investment Position Manual, sixth edition (BPM6) Primary domestic currency: South Korean won Data last updated: 09/2023",97.924
174,Andorra,Current account balance,U.S. dollars,Billions,"Source: National Statistics Office Latest actual data: 2020 BOP Manual used: Balance of Payments and International Investment Position Manual, sixth edition (BPM6) Primary domestic currency: Euro Data last updated: 09/2023",
6202,Puerto Rico,Current account balance,U.S. dollars,Billions,,
6466,San Marino,Current account balance,U.S. dollars,Billions,"Source: Other Latest actual data: 2021 BOP Manual used: Balance of Payments and International Investment Position Manual, sixth edition (BPM6) Primary domestic currency: Euro Data last updated: 08/2023",
7478,Syria,Current account balance,U.S. dollars,Billions,"Source: Central Bank Latest actual data: 2009 BOP Manual used: Balance of Payments Manual, fifth edition (BPM5) Primary domestic currency: Syrian pound Data last updated:",
